{"cameraMode":{"drawMode":0,"name":"Shaded","section":"Shading Mode"},"sceneLighting":false,"audioPlay":false,"sceneViewState":{"m_AlwaysRefresh":false,"showFog":true,"showSkybox":false,"showFlares":true,"showImageEffects":true,"showParticleSystems":true,"showVisualEffectGraphs":true,"m_FxEnabled":true},"in2DMode":false,"pivot":{"x":0.14217807352542878,"y":-0.18774855136871339,"z":0.5711269378662109},"rotation":{"x":0.004070813301950693,"y":0.9813418388366699,"z":-0.191083163022995,"w":0.020906522870063783},"size":1.7819023132324219,"orthographic":false}