{"cameraMode":{"drawMode":0,"name":"Shaded","section":"Shading Mode"},"sceneLighting":false,"audioPlay":false,"sceneViewState":{"m_AlwaysRefresh":false,"showFog":true,"showSkybox":false,"showFlares":true,"showImageEffects":true,"showParticleSystems":true,"showVisualEffectGraphs":true,"m_FxEnabled":true},"in2DMode":false,"pivot":{"x":0.9987753033638,"y":-0.44847822189331057,"z":-0.7971258163452148},"rotation":{"x":-0.002299121581017971,"y":0.9935981035232544,"z":-0.11105610430240631,"w":-0.02056940644979477},"size":2.7194299697875978,"orthographic":false}